id,front,back
slovak-0001,jeden,1
slovak-0002,dva,2
slovak-0003,tri,3
slovak-0004,štyri,4
slovak-0005,pät,5
slovak-0006,šest',6
slovak-0007,sedem,7
slovak-0008,osem,8
slovak-0009,devät',9
slovak-0010,desat',10
slovak-0011,jedenást',11
slovak-0012,dvanást',12
slovak-0013,ešte raz,Again; once more
slovak-0014,a do videnia!,And goodbye!
slovak-0015,dobrý deň,good day
slovak-0016,teší ma,pleased to meet you
slovak-0017,áno,yes
slovak-0018,nie,no
slovak-0019,samozrejme,of course 
slovak-0020,Slovák,a Slovak man
slovak-0021,Slovenka,a Slovak woman
slovak-0022,Američan,an American man
slovak-0023,Američanka,an American woman
slovak-0024,Angličan,an English man
slovak-0025,Angličanka,an English woman
slovak-0026,máte ... ?,do you have ... ?
slovak-0027,tu je,here it is
slovak-0028,pod'me,let's go
slovak-0029,auto,car
slovak-0030,čaká,it is waiting
slovak-0031,dobre,well; good; fine
slovak-0032,tak dobre,right; OK then
slovak-0033,kufor,suitcase
slovak-0034,tak dobre,so
slovak-0035,vonku,outside
slovak-0036,ja,I
slovak-0037,ty,you
slovak-0038,on,he
slovak-0039,ona,she
slovak-0040,ono,it
slovak-0041,to,this; that (n; nom)
slovak-0042,my,we
slovak-0043,vy,you (pl)
slovak-0044,oni,they (male)
slovak-0045,ony,they (female; neuter)
slovak-0046,dievča,girl
slovak-0047,diet'a,child
slovak-0048,mám,I have
slovak-0049,máš,you (s) have
slovak-0050,má,he / she / it has
slovak-0051,máme,we have
slovak-0052,máte,you (pl) have
slovak-0053,majú,they have
slovak-0054,byt',to be
slovak-0055,som,I am
slovak-0056,si,you (s) are
slovak-0057,je,he / she / it is
slovak-0058,sme,we are
slovak-0059,ste,you (pl) are
slovak-0060,sú,they are
slovak-0061,ty si Ján,you are Jan
slovak-0062,tu som,here I am
slovak-0063,sme tu,we are here
slovak-0064,to je kufor,that is a suitcase
slovak-0065,máš kufor?,do you have a suitcase?
slovak-0066,ty si Jana?,are you Jana?
slovak-0067,si Angličanka?,are you (f) English?
slovak-0068,ste tam?,are you there?
slovak-0069,sú doma?,are they at home?
slovak-0070,je Viera Slovenka?,Is Viera (a) Slovak?
slovak-0071,je to hrad?,is it a castle?
slovak-0072,čo je to?,what is that?
slovak-0073,kde je … ?,where is … ?
slovak-0074,kto je … ?,who is … ?
slovak-0075,ako sa volá?,what's his / her name?
slovak-0076,volá sa … ,his / her name is … 
slovak-0077,aj,also
slovak-0078,bohužial',unfortunately; regrettably
slovak-0079,Bratislavský hrad,Bratislava Castle
slovak-0080,čistý; -á; -é,clean; pure
slovak-0081,Dunaj,the Danube
slovak-0082,mesto,town
slovak-0083,modrý; -á; -é,blue
slovak-0084,najmä,especially
slovak-0085,náš; naša; naše,our
slovak-0086,nie je,it is not
slovak-0087,pekný; -á; -é,nice; pretty; lovely
slovak-0088,rieka,river
slovak-0089,špinavý; -á; -é,dirty
slovak-0090,starý; -á; -é,old
slovak-0091,tam,there
slovak-0092,učitel',male teacher
slovak-0093,učitel'ka,female teacher
slovak-0094,vel'mi,very
slovak-0095,vl'avo,on the left
slovak-0096,voda,water
slovak-0097,vpravo,on the right
slovak-0098,vel'ký,big
slovak-0099,malý,small
slovak-0100,nový,new
slovak-0101,mladý,young
slovak-0102,dobrý,good
slovak-0103,zlý,bad
slovak-0104,krásny,beautiful
slovak-0105,škaredý,ugly
slovak-0106,čakat',to wait
slovak-0107,čakám,I am waiting
slovak-0108,čakáš,you are waiting
slovak-0109,čakáme,we are waiting
slovak-0110,čakáte,you are waiting
slovak-0111,čakáju,they are waiting
slovak-0112,bývat',to live; reside
slovak-0113,bývate tu?,do you live here?
slovak-0114,nie; ja tu nebývam,no; I don't live here
slovak-0115,nie dnes; ale zajtra,not today; but tomorrow
slovak-0116,volat',to call
slovak-0117,volám sa,I call myself
slovak-0118,voláš sa,you call yourself
slovak-0119,voláme sa,we call ourselves
slovak-0120,voláte sa,you call yourselves
slovak-0121,voláju sa,they call themselves
slovak-0122,mat' sa,to be feeling
slovak-0123,ako sa máte?,how are you?
slovak-0124,d'akujem,thank you
slovak-0125,mám sa dobre,I am feeling well
slovak-0126,zle,badly
slovak-0127,ujde to,not too bad; ok
slovak-0128,prosím,please
slovak-0129,prosím si … ,please may I have … 
slovak-0130,čaj; prosím,tea; please
slovak-0131,vd'aka,thanks
slovak-0132,nech sa páči,you're welcome
slovak-0133,dlho,for a long time
slovak-0134,krátko,for a short time
slovak-0135,list,a letter
slovak-0136,nech sa páči,please; help yourself
slovak-0137,ahoj,hi; bye
slovak-0138,ale,but
slovak-0139,chlap,bloke; guy; man
slovak-0140,silný,strong
slovak-0141,št'astie,luck; happiness
slovak-0142,taxík,taxi
slovak-0143,t'ažký,heavy
slovak-0144,tiež,also; likewise
slovak-0145,tiež ne-,also not; not … either
slovak-0146,máme št'astie,we are lucky
slovak-0147,nemáš,you don't have
slovak-0148,a,and
slovak-0149,čakám na,I am waiting for
slovak-0150,čo robíš?,what are you (s) doing?
slovak-0151,robit',to do; make
slovak-0152,fajčit',to smoke
slovak-0153,hrat' (sa),to play
slovak-0154,je tu pekne,it is nice here
slovak-0155,obed,lunch
slovak-0156,pán … ,Mr …
slovak-0157,vśak,however; isn't it?
slovak-0158,alebo,or
slovak-0159,asi,probably
slovak-0160,brat,brother
slovak-0161,čítat',to read
slovak-0162,doma,at home
slovak-0163,hádam,probably; I guess
slovak-0164,pani … ,Mrs … 
slovak-0165,počúvat',to listen to
slovak-0166,rádip,radio
slovak-0167,sediet',to sit
slovak-0168,sestra,sister
slovak-0169,spat',to sleep
slovak-0170,tvoj; tvoja; tvoje,your (s)
slovak-0171,učit' sa,to study; teach self
slovak-0172,varit',to cook
slovak-0173,vieš,you know
slovak-0174,vediet',to know
slovak-0175,robím,I do
slovak-0176,robíš,you (s) do
slovak-0177,robí,he does
slovak-0178,robíme,we do
slovak-0179,robíte,you (pl) do
slovak-0180,robía,they do
slovak-0181,učím sa slovenčinu,I am studying Slovak
slovak-0182,pýtam sa; kde je Peter,I am asking where Peter is
slovak-0183,môj; moja; moje,my
slovak-0184,váš; vaša; vaše,your (pl)
slovak-0185,jeho,his; its
slovak-0186,jej,her
slovak-0187,ich,their
slovak-0188,aký,what kind of?
slovak-0189,futball,football
slovak-0190,chorý,ill; sick
slovak-0191,ked',when
slovak-0192,len,only
slovak-0193,lenivý,lazy
slovak-0194,má rád / rada,he / she likes
slovak-0195,musí,he / she has to; must
slovak-0196,musiet',to have to
slovak-0197,nejaký,some; some kind of
slovak-0198,niekedy,sometimes
slovak-0199,plávat',to swim
slovak-0200,šport,sport
slovak-0201,tenis,tennis
slovak-0202,viete,you (pl) know
slovak-0203,volejbal,volleyball
slovak-0204,mat' rád,to like
slovak-0205,Viera má rada vodu,Viera likes water
slovak-0206,rád plávam,I like swimming
slovak-0207,nerada číta,she doesn't like reading
slovak-0208,diet'a má vodu rado,the child loves water
slovak-0209,radi spia,they (m) like sleeping
slovak-0210,rady spia,they (f) like sleeping
slovak-0211,musím varit' obed,I have to cook lunch
slovak-0212,nemusíte hrat' futbal,you don't have to play football
slovak-0213,viem,I know
slovak-0214,vie,he / she knows
slovak-0215,vieme,we know
slovak-0216,viete,you (pl) know
slovak-0217,vedia,they know
slovak-0218,neviete; kde je pán Kováč?,don't you know where Mr Kovac is?
slovak-0219,nevedia; kto je pán Kováč?,they don't know who Mr Kovac is
slovak-0220,vieme; čo robíme,we know what we are doing
slovak-0221,pán Kováč nevie varit',Mr Kovac doesn't know how to cook
slovak-0222,Viera vie hrat' hokej,Viera knows how to play hockey
slovak-0223,po slovensky,Slovak language (object)
slovak-0224,po anglicky,English language (object)
slovak-0225,po nemecky,German language (object)
slovak-0226,po česky,Czech language (object)
slovak-0227,po mad'arsky,Hungarian language (object)
slovak-0228,po pol'sky,Polish language (object)
slovak-0229,po rusky,Russian language (object)
slovak-0230,po francúzsky,French language (object)
slovak-0231,pán Kováč vie len po slovensky,Mr Kovac only knows Slovak
slovak-0232,ale Viera vie po anglicky,but Viera knows English
slovak-0233,hovorit',to speak
slovak-0234,Ján hovori a číta po nemecky,Jan speaks and reads German
slovak-0235,slovenský list,a Slovak letter
slovak-0236,anglická kniha,an English book
slovak-0237,ruský román,a Russian novel
slovak-0238,jazyk,language; tongue
slovak-0239,rozumiet',to understand
slovak-0240,rosumiete po slovensky?,do you understand Slovak?
slovak-0241,nerozumejú po anglicky,they don't understand English
slovak-0242,dva hrady,two castles
slovak-0243,slovenčina,Slovak language (noun)
slovak-0244,angličtina,English language (noun)
slovak-0245,nemčina,German language (noun)
slovak-0246,čeština,Czech language (noun)
slovak-0247,mad'arčina,Hungarian language (noun)
slovak-0248,pol'ština,Polish language (noun)
slovak-0249,ruština,Russian language (noun)
slovak-0250,francúzština,French language (noun)
slovak-0251,čas,time
slovak-0252,karty,cards
slovak-0253,pozerat',to watch; look at
slovak-0254,pozerám televíziu,I watch TV
slovak-0255,televízia; -u,television
slovak-0256,trochu,a little
slovak-0257,umenie,art
slovak-0258,vol'ný,free
slovak-0259,čo robíš; ked' máš vol'ný čas?,what do you do; when you have some free time?
slovak-0260,máš rada nejaký šport?,do you like any sport?
slovak-0261,behat',to run
slovak-0262,hokej,ice hockey
slovak-0263,chcem,I want
slovak-0264,chodit' na prechádzky,to go for walks
slovak-0265,poznat',to know (a person; place)
slovak-0266,prečo?,why?
slovak-0267,pretože,because
slovak-0268,pýtat' sa,to ask
slovak-0269,športovec,a sportsman
slovak-0270,športovkyňa,a sportswoman
slovak-0271,teda,then; in that case
slovak-0272,voda; -u,water
slovak-0273,prečo sa pýtaš?,why do you ask?
slovak-0274,pretože to chcem vediet',because I want to know
slovak-0275,rodina,family
slovak-0276,žena,woman; wife
slovak-0277,muž,man; husband
slovak-0278,chlapec,boy
slovak-0279,matka,mother
slovak-0280,otec,father
slovak-0281,dcéra,daughter
slovak-0282,syn,son
slovak-0283,teta,aunt
slovak-0284,strýko,uncle
slovak-0285,stará matka,grandmother
slovak-0286,starý otec,grandfather
slovak-0287,vnučka,granddaughter
slovak-0288,vnuk,grandson
slovak-0289,rodič(ia),parent(s)
slovak-0290,starí rodičia,grandparents
slovak-0291,manželka,female spouse
slovak-0292,manžel,male spouse
slovak-0293,manželia,spouses; couple
slovak-0294,deti,children
slovak-0295,príbuzný; -á,a relative
slovak-0296,mama/mami; mamka,mum
slovak-0297,otecko; ocko,dad
slovak-0298,stará mama; babka,granny
slovak-0299,dedo; dedko,grandpa
slovak-0300,otec varí,father is cooking
slovak-0301,večera je dobrá,the supper is good
slovak-0302,otec vari večeru,father is cooking supper
slovak-0303,nemáme vodu,we don't have any water
slovak-0304,Jana vidí Vieru,Jana sees Viera
slovak-0305,kolega,a colleague (m)
slovak-0306,vidíme kolegu,we see a colleague
slovak-0307,nemám brata,I don't have a brother
slovak-0308,na + acc,onto; for a purpose
slovak-0309,čakám na Petra,I am waiting for Peter
slovak-0310,pre + acc,for the benefit of
slovak-0311,cez + acc,through; across
slovak-0312,dávam obed na stôl,I give/put lunch on the table
slovak-0313,to je kniha pre Igora,that is a book for Igor
slovak-0314,most cez rieku,a bridge across the river
slovak-0315,pozerám cez okno,I look through the window
slovak-0316,cez deň čítam,through (during) the day I read
slovak-0317,poznáte Bratislavu?,do you know Bratislava?
slovak-0318,Štefana nepoznáte,you don't know Stefan
slovak-0319,adresa,address
slovak-0320,či,if; whether
slovak-0321,hl'adat',to look for
slovak-0322,koho,whom?
slovak-0323,náhodou,by chance; maybe
slovak-0324,niekoho,someone (acc)
slovak-0325,prepáčte,excuse me
slovak-0326,správny,correct; right
slovak-0327,študent,student
slovak-0328,výslovnost',pronunciation
slovak-0329,to je dobrú vodu,that is good water
slovak-0330,máme dobrého otca,we have a good father
slovak-0331,to je správna adresa,that is the correct address
slovak-0332,kto je to?,who is it?
slovak-0333,koho hl'adáš?,for whom are you looking?
slovak-0334,je tam niekto?,is someone there?
slovak-0335,hl'adám niekoho,I'm looking for someone 
slovak-0336,mám brata; ktorý sa učí po slovensky,I have a brother who is learning Slovak
slovak-0337,auto; ktoré má tvoj otec; je vel'mi dobré,The car (which) your father has is very good
slovak-0338,ktoré je to auto?,which car is it?
slovak-0339,americký,american
slovak-0340,dávat',to give
slovak-0341,chce,he / she wants
slovak-0342,inžinier,engineer
slovak-0343,ktorý; -á; -é,who (referring to preceding noun)
slovak-0344,literatúra,literature
slovak-0345,nás,us
slovak-0346,pod'te d'alej,come in
slovak-0347,d'alej,further
slovak-0348,práve,just; just now
slovak-0349,priatel',friend
slovak-0350,učit',to teach
slovak-0351,už,now; already
slovak-0352,ženatý,married
slovak-0353,idem do mesta,I'm going to town
slovak-0354,darček,a present; gift
slovak-0355,íst',to go
slovak-0356,idem,I go
slovak-0357,k Zuzke,to Zuzka's
slovak-0358,kam?,where to?
slovak-0359,kamarát,a friend
slovak-0360,kupovat',to buy
slovak-0361,kupojem,I buy
slovak-0362,na návšteve,on a visit
slovak-0363,na večeru,for dinner
slovak-0364,návšteva,a visit
slovak-0365,potom,then
slovak-0366,škoda,a pity
slovak-0367,u kamaráta,at a friend's
slovak-0368,v Trnave,in Trnava
slovak-0369,byt,a flat; apartment
slovak-0370,a tak d'alej,and so on
slovak-0371,ekonómia,economics
slovak-0372,ešte stále,still
slovak-0373,chvíl'u,for a moment
slovak-0374,medicína,medicine
slovak-0375,medzitým,meanwhile
slovak-0376,mesiac,month; moon
slovak-0377,nejdeš,you don't go
slovak-0378,pracovat',to work
slovak-0379,pracujem,I work
slovak-0380,Praha,Prague
slovak-0381,prázdniny,holidays
slovak-0382,robota,work
slovak-0383,samoobsluha,supermarket
slovak-0384,študovat',to study
slovak-0385,teraz,now
slovak-0386,upratovat',to tidy (impf)
slovak-0387,opakovat',to repeat
slovak-0388,ide,he / she goes
slovak-0389,ideme,we go
slovak-0390,idete,you (pl) go
slovak-0391,idú,they go
slovak-0392,nejst',to not go
slovak-0393,nejde domov,he isn't going home
slovak-0394,ide tam,he is going there
slovak-0395,ide sem,he is coming here
slovak-0396,do Bratislavy,into Bratislava
slovak-0397,k Bratislave,towards Bratislava
slovak-0398,v Bratislave,in Bratislava
slovak-0399,za Bratislavou,beyond Bratislava
slovak-0400,do + genitive,into
slovak-0401,k + dative,towards
slovak-0402,v + locative,in
slovak-0403,za + instrumental,behind; beyond
slovak-0404,do mesta,into the town
slovak-0405,k mestu,towards the town
slovak-0406,v meste,in the town
slovak-0407,za mestom,beyond the town
slovak-0408,biely,white
slovak-0409,červený,red
slovak-0410,jedna; jednu,one
slovak-0411,káva,coffee
slovak-0412,mlieko,milk
slovak-0413,pohár,a glass
slovak-0414,pohárik,a small glass
slovak-0415,šálka,a cup
slovak-0416,víno,wine
slovak-0417,zmrzlina,ice cream
slovak-0418,želat',to wish
slovak-0419,čo si želate?,what do you want?
slovak-0420,biele alebo červené víno?,white or red wine?
slovak-0421,mladý pán,a young man
slovak-0422,domov,to home
slovak-0423,mysliet',to think
slovak-0424,myslím,I think
slovak-0425,od,from
slovak-0426,odkaz,a message
slovak-0427,aha; práve ide,ah; here she comes
slovak-0428,ju,her (acc)
slovak-0429,milý,dear
slovak-0430,niečo,something
slovak-0431,odo mňa,from me
slovak-0432,papier,paper
slovak-0433,pár slov,a couple of words
slovak-0434,park,a park
slovak-0435,pero,a pen
slovak-0436,potrebovat',to need
slovak-0437,potrebujem,I need
slovak-0438,písat',to write
slovak-0439,píšem,I write
slovak-0440,priatel'ka,female friend
slovak-0441,smutný,sad
slovak-0442,súrne,urgently
slovak-0443,totiž,that is to say; you see
slovak-0444,vás; vaša,your
slovak-0445,vidiet',to see (impf)
slovak-0446,záhrada,a garden
slovak-0447,že,that … 
slovak-0448,si,for / to oneself
slovak-0449,kupujem si sveter,I buy myself a sweater
slovak-0450,šálka kávy,a cup of coffee
slovak-0451,pohár vody,a glass of water
slovak-0452,kus chleba,a piece of bread
slovak-0453,pohár mlieka,a glass of milk
slovak-0454,chlieb,bread
slovak-0455,z auta,out of the car
slovak-0456,zo školy,out of school
slovak-0457,list od učitel'ky,a letter from a (female) teacher
slovak-0458,idú od rieky,they are coming from the river
slovak-0459,autobus,bus
slovak-0460,blízko,near; nearby
slovak-0461,cesta,road; journey
slovak-0462,diplomová práca,diploma work; thesis
slovak-0463,dost',enough; rather
slovak-0464,d'aleko,far; far away
slovak-0465,električka,tram
slovak-0466,hned',at once; immediately
slovak-0467,nerád,he doesn't like
slovak-0468,nerada,she doesn't like
slovak-0469,niekde,somewhere
slovak-0470,nový,new
slovak-0471,pomoc,help
slovak-0472,poobede,in the afternoon; after lunch
slovak-0473,predavačka,female sales assistant
slovak-0474,predávat',to sell
slovak-0475,roh,corner
slovak-0476,za rohom,round the corner
slovak-0477,spoločný,common; shared
slovak-0478,o čom,about what? (loc)
slovak-0479,herec,an actor
slovak-0480,herečka,an actress
slovak-0481,chciet',to want
slovak-0482,kino,cinema
slovak-0483,koncert,a concert
slovak-0484,meno,name
slovak-0485,so mnou,with me
slovak-0486,napínavý,exciting
slovak-0487,o + locative,about
slovak-0488,obl'úbený,favourite
slovak-0489,pamätat',to remember
slovak-0490,politika,politics
slovak-0491,prezident,president
slovak-0492,skvelý,splendid; excellent
slovak-0493,ten,this; that (m; nom)
slovak-0494,večer,in the evening
slovak-0495,vraj,apparently; they say
slovak-0496,vystupovat',to perform
slovak-0497,alkoholik,an alcoholic
slovak-0498,ani … ani,neither … nor
slovak-0499,čo si dáte?,what will you have?
slovak-0500,dobrú chut',enjoy your meal!
slovak-0501,isteže,certainly
slovak-0502,mäso,meat
slovak-0503,no dobre!,well; fine
slovak-0504,omeleta,omelette
slovak-0505,na pitie,for / to drink
slovak-0506,pivo,beer
slovak-0507,čo si prajete?,what do you wish?
slovak-0508,problém,a problem
slovak-0509,ryba,fish
slovak-0510,syr,cheese
slovak-0511,vajíčko,egg
slovak-0512,vegetarián,a vegetarian
slovak-0513,ak chceš; môžeš čítat',if you want; you can read
slovak-0514,chceme íst' do kina,we want to go to the cinema
slovak-0515,nechcú íst' domov,they don't want to go home
slovak-0516,nechcem mlieko; chcem kávu,I don't want milk; I want coffee
slovak-0517,čo chcete?,what do you want?
slovak-0518,chcem nový bicykel,I want a new bike
slovak-0519,želat' si,to wish
slovak-0520,priat' si,to wish
slovak-0521,prajem si,I wish
slovak-0522,čo si prajete na obed?,what would you like for lunch?
slovak-0523,čo si želáte na pitie?,what would you like for a drink?
slovak-0524,na + locative,on (preposition)
slovak-0525,pri + locative,beside; near
slovak-0526,po + locative,along; after
slovak-0527,Igor býva v Prahe,Igor lives in Prague
slovak-0528,kniha je na stole,The book is on the table
slovak-0529,Anna sedí pri okne,Anna is sitting beside the window
slovak-0530,po obede spí,After lunch she sleeps
slovak-0531,hovoríme o matke,we are talking about mother
slovak-0532,vo vode,in the water
slovak-0533,ide k stolu,he goes to the table
slovak-0534,ide ku Katke,she is going to Katka's
slovak-0535,ideme k bratovi,we are going to my brother's
slovak-0536,hovoríme o Petrovi,we are talking about Peter
slovak-0537,dávam Viere knihu,I am giving a book to Viera
slovak-0538,varím Igorovi obed,I am cooking lunch for Igor
slovak-0539,pomáhat' + dative,to help
slovak-0540,pomáhame otcovi,we are helping father
slovak-0541,ak,if
slovak-0542,často,often
slovak-0543,človek,person
slovak-0544,dnes,today
slovak-0545,gitara,guitar
slovak-0546,hotel,hotel
slovak-0547,hudba,music
slovak-0548,chodit',to walk
slovak-0549,inteligentný,intelligent
slovak-0550,klavír,piano
slovak-0551,lebo,because
slovak-0552,l'udový,folk (adj)
slovak-0553,môct',to be able
slovak-0554,môžem,I can
slovak-0555,múdry,wise
slovak-0556,múzeum,museum
slovak-0557,námestie,square (location)
slovak-0558,obedovat',to have lunch
slovak-0559,mám radšej,I prefer; like better
slovak-0560,rockový,rock music
slovak-0561,spievat',to sing
slovak-0562,spolu,together
slovak-0563,stretávat' sa,to meet (impf)
slovak-0564,vážny,serious
slovak-0565,zaujímavý,interesting
slovak-0566,môžeš íst',you can go
slovak-0567,nemôžem pracovot',I can't work
slovak-0568,môžeme čakat',we can wait
slovak-0569,dom,a house
slovak-0570,strecha,a roof
slovak-0571,dvere,doors
slovak-0572,kuchyňa,kitchen
slovak-0573,obývačka,living room
slovak-0574,jedáleň,dining room
slovak-0575,spál'na,bedroom
slovak-0576,kúpel'ňya,bathroom
slovak-0577,predsieň,hallway
slovak-0578,schody,stairs
slovak-0579,chladnička,fridge
slovak-0580,drez,sink
slovak-0581,kohútik,tap
slovak-0582,práčka,washing machine
slovak-0583,šaty,clothes
slovak-0584,vaňa,bath
slovak-0585,sprcha,shower
slovak-0586,záchod,toilet
slovak-0587,stôl,table
slovak-0588,stolička,chair
slovak-0589,gauč,couch
slovak-0590,podlaha,floor
slovak-0591,koberec,carpet
slovak-0592,stena,wall
slovak-0593,unavený,tired
slovak-0594,postel',bed
slovak-0595,lampa,lamp
slovak-0596,skriňa,cupboard; closet
slovak-0597,dobrú noc,good night
slovak-0598,časopis,magazine
slovak-0599,ho,him; it
slovak-0600,hodit',to throw
slovak-0601,ich,them
slovak-0602,kreslo,armchair
slovak-0603,ležat',to lie (down)
slovak-0604,mi,to me; for me
slovak-0605,nechávat',to let; leave (impf)
slovak-0606,strašne,terribly; really
slovak-0607,ved',after all
slovak-0608,vždy,always
slovak-0609,znamenat',to mean
slovak-0610,to je ale … ,that's truly a … 
slovak-0611,dedina,a village
slovak-0612,dom,house
slovak-0613,fotograf,photographer
slovak-0614,fotografia,a photograph
slovak-0615,hej,yes (colloquial)
slovak-0616,hodina,hour
slovak-0617,chalupa,cottage
slovak-0618,kopec,a hill
slovak-0619,kostol,a church
slovak-0620,leto,summer
slovak-0621,medzi + instrumental,between; among
slovak-0622,naozaj,really
slovak-0623,pod + instrumental,under; beneath
slovak-0624,pol,half
slovak-0625,pred + instrumental,in front of; before
slovak-0626,škola,school
slovak-0627,tá,this; that (f; nom)
slovak-0628,trvat',to last
slovak-0629,tuná,over here
slovak-0630,vidiek,the country
slovak-0631,víkend,weekend
slovak-0632,vlak,train
slovak-0633,to je vynikajúce,that's marvelous
slovak-0634,to sa mi páči,I like that
slovak-0635,bez,without
slovak-0636,cukor; -kru,sugar
slovak-0637,naopak,on the contrary
slovak-0638,no,but (mild)
slovak-0639,pit',to drink
slovak-0640,pijem,I drink
slovak-0641,s + instrumental,with
slovak-0642,sladit',to sweeten; take sugar
slovak-0643,boli,they were
slovak-0644,sme boli,we were
slovak-0645,cestovat',to travel
slovak-0646,Mad'arsko,Hungary
slovak-0647,Nemecko,Germany
slovak-0648,páčit' sa,to please
slovak-0649,Rakúsko,Austria
slovak-0650,republika,republic
slovak-0651,sám,by oneself; alone
slovak-0652,Slovensko,Slovakia
slovak-0653,včera,yesterday
slovak-0654,zatial',so far; meanwhile
slovak-0655,ako sa vám tu páči?,how do you like it here?
slovak-0656,vel'mi sa mi tu páči,I like it here very much
slovak-0657,cestujeme vlakom,we travel by train
slovak-0658,krájame chlieb nožom,we cut bread with a knife
slovak-0659,cestujem s matkou,I'm travelling with my mother
slovak-0660,káva s mliekom,coffee with milk
slovak-0661,bez mlieka,without milk
slovak-0662,nad + instrumental,above
slovak-0663,pod námestím,beneath the square
slovak-0664,ročné obdobie,a season
slovak-0665,zima,winter
slovak-0666,jar,spring
slovak-0667,jeseň,autumn
slovak-0668,od jari do jesene,from spring to autumn
slovak-0669,lístok,a ticket
slovak-0670,prosím si spiatočný lístok,I'd like a return ticket
slovak-0671,prestupovat',to change (trains)
slovak-0672,železničná stanica,train station
slovak-0673,cestovný poriadok,timetable
slovak-0674,príchody,arrivals (transport)
slovak-0675,odchody,departures (transport)
slovak-0676,nástupište,platform
slovak-0677,konečna stanica,last stop
slovak-0678,lietadlom,by plane
slovak-0679,letisko,airport
slovak-0680,letenka,air ticket
slovak-0681,na letisko prosím,to the airport please
slovak-0682,za vlakom,behind the train
slovak-0683,pred domom,in front of the house
slovak-0684,pod stromom,below the tree
slovak-0685,v zime,in winter
slovak-0686,v lete,in summer
slovak-0687,na jar,in spring
slovak-0688,na jeseň,in autumn
slovak-0689,zimný kabát,a winter coat
slovak-0690,letný deň,a summer day
slovak-0691,jarný dažd',spring rain
slovak-0692,jesenná hmla,autumn mist
slovak-0693,ako,how?
slovak-0694,bol,he was
slovak-0695,bola,she was
slovak-0696,neboli,they weren't
slovak-0697,mal,he had
slovak-0698,mala,she had
slovak-0699,mali,they had
slovak-0700,auto čakalo,the car waited
slovak-0701,hl'adali ste,you (pl) looked for
slovak-0702,išiel,he went
slovak-0703,(i)šla,she went
slovak-0704,(i)šli,they went
slovak-0705,krčma,pub; bar
slovak-0706,nás,us (acc)
slovak-0707,nikto nebol,nobody was
slovak-0708,robil som,I was doing
slovak-0709,sedel si,you (s) sat
slovak-0710,skúška,exam
slovak-0711,na skúška,for an exam
slovak-0712,stretnutie,meeting
slovak-0713,učili sme,we studied
slovak-0714,vás,you (acc)
slovak-0715,všetci,all; everyone
slovak-0716,hral som,I played
slovak-0717,neskoro,late
slovak-0718,nikto neprišiel,nobody came
slovak-0719,odišiel si,you (s) went away
slovak-0720,pozerala,she watched
slovak-0721,šach; šachy,chess
slovak-0722,týždeň,the week
slovak-0723,vstávat',to get up (impf)
slovak-0724,zavčasu,early
slovak-0725,ako dlho ste tam čakali?,how long did you (pl) wait there?
slovak-0726,my sme sa učili,we were studying
slovak-0727,ja som nešiel,I didn't go
slovak-0728,kde si bol?,where were you (s)?
slovak-0729,nemala čas,she didn't have time
slovak-0730,je ošklivo,it's horrible (weather)
slovak-0731,je teplo,it's warm
slovak-0732,je horúco,it's hot
slovak-0733,bolo chladno,it was cool
slovak-0734,bolo zima,it was cold
slovak-0735,vonku je tma,outside it's dark
slovak-0736,bolo svetlo,it was light
slovak-0737,dnes bolo slnečno,today it was sunny
slovak-0738,je oblačno,it's cloudy
slovak-0739,je zatiahnuto,it's overcast
slovak-0740,je hmlisto,it's misty
slovak-0741,je veterno,it's windy
slovak-0742,je sucho,it's dry
slovak-0743,je mokro,it's damp
slovak-0744,bola búrka,there was a thunderstorm
slovak-0745,prší,it's raining
slovak-0746,sneží,it's snowing
slovak-0747,mrzne,it's freezing
slovak-0748,slnko svieti,the sun is shining
slovak-0749,je pekne,it's fine
slovak-0750,je mi krásne,I feel great
slovak-0751,je ti vám zima?,do you feel cold?
slovak-0752,skoro,early
slovak-0753,ako,like; as if
slovak-0754,celkom,quite; entirely
slovak-0755,d'alši,another; a further
slovak-0756,dlhý,long
slovak-0757,ešte,still
slovak-0758,ešte jeden,another; still one
slovak-0759,fúkat',to blow
slovak-0760,každý,each; every
slovak-0761,most,a bridge
slovak-0762,nudit' sa,to be bored
slovak-0763,prechádzat',to cross; go through
slovak-0764,pršat',to rain
slovak-0765,pršalo,it was raining
slovak-0766,ráno,morning
slovak-0767,rozprávat' sa,to talk; chat
slovak-0768,stát',to stand
slovak-0769,stál,he stood
slovak-0770,sused; suseda,neighbour
slovak-0771,takmer,almost
slovak-0772,tma,darkness; dark
slovak-0773,tunel,tunnel
slovak-0774,veselo,happy; merry
slovak-0775,vietor; vetra,wind
slovak-0776,vracat' sa,to return
slovak-0777,vraciam sa,I return
slovak-0778,vyzerat',to look; appear
slovak-0779,zastávka,bus stop
slovak-0780,Zuzke sa nechcelo íst' do práce,Zuzka did not feel like going to work
slovak-0781,ani,even
slovak-0782,bát' sa,to be afraid
slovak-0783,bojím sa,I am afraid
slovak-0784,dovolit' si,to afford (for oneself)
slovak-0785,hmla,mist; fog
slovak-0786,hustý,thick
slovak-0787,iný,other
slovak-0788,možnost',possibility
slovak-0789,napokon,finally
slovak-0790,nasadla,boarded
slovak-0791,nemohla,she couldn't
slovak-0792,nikdy,never
slovak-0793,noviny,newspaper
slovak-0794,peniaze,money
slovak-0795,ponáhl'at' sa,to hurry
slovak-0796,preplnený,crowded; over-full
slovak-0797,prišiel,he arrived; came
slovak-0798,príde,he / she will come
slovak-0799,raňajkovat',to have breakfast (impf)
slovak-0800,raňajky,breakfast
slovak-0801,stále nešiel,he still didn't come
slovak-0802,o štvrt'hodinu,in a quarter of an hour
slovak-0803,takto,this way; like this
slovak-0804,takže,so that
slovak-0805,viest' auto,to drive
slovak-0806,vraviet',to say
slovak-0807,začinat',to begin (impf)
slovak-0808,bud' … alebo,either … or
slovak-0809,dám si,I'll have (give myself)
slovak-0810,džem,jam
slovak-0811,jedávat',to eat (repeatedly)
slovak-0812,jest',to eat
slovak-0813,jem,I eat
slovak-0814,maslo,butter
slovak-0815,menza,refectory
slovak-0816,rožok,crescent shape bread roll
slovak-0817,saláma,salami
slovak-0818,bravčový rezeň,pork schnitzel
slovak-0819,drahý,expensive
slovak-0820,hoci,although
slovak-0821,jedol,he ate
slovak-0822,kurča,chicken
slovak-0823,zeleninová polievka,vegetable soup
slovak-0824,pomerne,fairly; relatively
slovak-0825,reštaurácia,restaurant
slovak-0826,ryža,rice
slovak-0827,zemiakový šalát,potato salad
slovak-0828,fazul'ka,beans
slovak-0829,horčica,mustard
slovak-0830,klobása,sausage
slovak-0831,málo,little; few
slovak-0832,párok,frankfurter
slovak-0833,párok v rožku,hot dog
slovak-0834,ulica,street
slovak-0835,večerat',to have supper
slovak-0836,večeriam,I have supper
slovak-0837,vel'a,a lot of
slovak-0838,život,life
slovak-0839,ješ,you (s) eat
slovak-0840,je,he / she eats
slovak-0841,jeme,we eat
slovak-0842,jete,you (pl) eat
slovak-0843,jedia,they eat
slovak-0844,pil,he drank
slovak-0845,pila,she drank
slovak-0846,pili,they drank
slovak-0847,do ulice (gen),into the street 
slovak-0848,k ulici (dat),towards the street
slovak-0849,na ulici (dat),on the street
slovak-0850,pod ulicou (instr),under the street
slovak-0851,do reštaurácie (gen),into the restaurant
slovak-0852,v reštaurácii (instr),in the restaurant
slovak-0853,idem do kaviarne,I'm going to the café
slovak-0854,sedím v kaviarni,I'm sitting in the café
slovak-0855,sedím pred kaviarňou,I'm sitting in front of the café
slovak-0856,vel'a radosti,lots of joy
slovak-0857,čo ste jedli?,what did you eat?
slovak-0858,celý,(a) whole
slovak-0859,kaviareň; -rne (f),café
slovak-0860,pred hodinou,an hour ago
slovak-0861,schôdzka,meeting
slovak-0862,von,out (motion)
slovak-0863,viezol,he drove; took
slovak-0864,brat',to take
slovak-0865,beriem,I take
slovak-0866,boliet',to hurt
slovak-0867,cítit',to feel
slovak-0868,hlava,head
slovak-0869,hore,up; upstairs
slovak-0870,knižnica,library
slovak-0871,noc,night
slovak-0872,pieseň,song
slovak-0873,povedat',to say; tell
slovak-0874,spevák,singer
slovak-0875,táto,this; emphatic (f; nom)
slovak-0876,túto,this; emphatic (f; acc)
slovak-0877,zasa,again
slovak-0878,izba,room
slovak-0879,maličkost',a trifle (small thing)
slovak-0880,narodeniny,birthday
slovak-0881,niest',to carry; bring
slovak-0882,nesiem,I carry; bring
slovak-0883,odkial',from where?
slovak-0884,porozprávat' sa,to have a talk
slovak-0885,predsa len,anyway; after all
slovak-0886,sem,to here
slovak-0887,síce … ale,albeit … however
slovak-0888,taký,such a; this kind of
slovak-0889,vážne,seriously
slovak-0890,kam ide?,where is he going?
slovak-0891,ide von,he is going outside
slovak-0892,je dnu,he is in(side)
slovak-0893,ide dnu,he goes in(side)
slovak-0894,je preč,he is away
slovak-0895,ide preč,he goes away
slovak-0896,dolu,downstairs
slovak-0897,viezt',to convey; take by vehicle (impf)
slovak-0898,veziem,I convey; take by vehicle
slovak-0899,niesol kufor,he carried the suitcase
slovak-0900,viedol Ivana do izby,he led Ivan into the room
slovak-0901,beriem knihu zo stola,I pick up the book from the table
slovak-0902,nesiem obed do izby,I carry the lunch into the room
slovak-0903,veziem Ivana do mesta,I convey Ivan into town
slovak-0904,Eva vedie auto,Eva drives the car
slovak-0905,umývat',to wash
slovak-0906,umývam sa,I wash myself
slovak-0907,umývam riad,I wash the dishes
slovak-0908,umývam si ruky,I wash my hands
slovak-0909,obliekat',to dress; put on (impf)
slovak-0910,vyzliekat',to undress; take off (impf)
slovak-0911,obliekam sa,I dress myself; get dressed
slovak-0912,obliekam si kabát,I put on my coat
slovak-0913,obúvat',to put on shoes (impf)
slovak-0914,zobúvat',to take off shoes (impf)
slovak-0915,oblečenie,clothing
slovak-0916,telo,body
slovak-0917,sako,jacket
slovak-0918,dáždnik,umbrella
slovak-0919,ruka,hand
slovak-0920,rukavice,gloves
slovak-0921,prsty,fingers
slovak-0922,klobúk,hat
slovak-0923,vlasy,hair
slovak-0924,uši,ears
slovak-0925,okuliare,glasses
slovak-0926,nos,nose
slovak-0927,oči,eyes
slovak-0928,šál,scarf
slovak-0929,tvár,face
slovak-0930,ústa,mouth
slovak-0931,oblek,suit
slovak-0932,plecia,shoulders
slovak-0933,chrbát,back (body part)
slovak-0934,hrud',chest (body part)
slovak-0935,pás,waist
slovak-0936,nohavice,trousers
slovak-0937,nohy,legs
slovak-0938,sukňa,skirt
slovak-0939,topánky,shoes
slovak-0940,sandále,sandals
slovak-0941,džínsy,jeans
slovak-0942,srdce,heart (body part)
slovak-0943,krv,blood
slovak-0944,mozog,brain
slovak-0945,budík,alarm clock
slovak-0946,holit' sa,to shave
slovak-0947,kośel'a,shirt
slovak-0948,krajec,a slice
slovak-0949,mydlo,soap
slovak-0950,šunka,ham
slovak-0951,zvonit',to ring
slovak-0952,čo má robit',what he should do
slovak-0953,fl'aša,bottle
slovak-0954,nahnevaný,angry; cross
slovak-0955,nalievat',to pour out (impf)
slovak-0956,namiesto,instead of
slovak-0957,otvárat',to open (impf)
slovak-0958,počut',to hear
slovak-0959,preto,so; therefore
slovak-0960,priamo,straight; directly
slovak-0961,sadne si,s/he sits down
slovak-0962,správa,report; news
slovak-0963,telefonovat',to telephone
slovak-0964,tichý,quiet
slovak-0965,zatvárat',to close (impf)
slovak-0966,dat',to give; put (pf)
slovak-0967,napísat',to write (pf)
slovak-0968,napíšem,I will write
slovak-0969,pod'akovat' za (+ acc),to thank for (pf)
slovak-0970,posledný,last
slovak-0971,povedat',to tell (pf)
slovak-0972,poviem,I will tell
slovak-0973,prečítat',to read (pf)
slovak-0974,prečítam,I will read
slovak-0975,roman,novel
slovak-0976,situácia,situation
slovak-0977,taliansky,Italian
slovak-0978,s tebou,with you
slovak-0979,ti,to you
slovak-0980,za tú knihu,for that book
slovak-0981,výborný,excellent
slovak-0982,zal'úbený,in love
slovak-0983,záujem o (+ acc),interest in
slovak-0984,hladný,hungry
slovak-0985,chutný,tasty
slovak-0986,chyba,mistake
slovak-0987,iba,only
slovak-0988,kúpit',to buy (pf)
slovak-0989,kúsok,a piece
slovak-0990,mohla by si,you (s) could
slovak-0991,nápad,an idea
slovak-0992,nedalo sa,it wasn't possible
slovak-0993,nedávno,recently
slovak-0994,opitý,drunk
slovak-0995,platit',to pay
slovak-0996,pozvat',to invite (pf)
slovak-0997,privel'a,too much
slovak-0998,smiešny,funny
slovak-0999,sol',salt
slovak-1000,urobit',to do; make (pf)
slovak-1001,uvarit',to cook (pf)
slovak-1002,všetko,everything
slovak-1003,vypit',to drink (pf)
slovak-1004,zajtra,tomorrow
slovak-1005,zaplatit',to pay (pf)
slovak-1006,zjest',to eat up (pf)
slovak-1007,zjedol,he ate up (pf)
slovak-1008,písal som list,I was writing a letter (process)
slovak-1009,napísal som list,I wrote a letter (complete)
slovak-1010,včera písala list,yesterday she was writing a letter
slovak-1011,písala ho celý deň,she was writing it all day
slovak-1012,už ho napísala,now she has written it
slovak-1013,dnes napísala d'alší,today she wrote another one
slovak-1014,zajtra napíšem list,tomorrow I will write a letter
slovak-1015,niekedy prečíta celú knihu,sometimes she reads a whole book
slovak-1016,chcel by som … ,I would like … 
slovak-1017,mohol by som … ,Could I … 
slovak-1018,chcel by som hovorit' s pánom Kováčom,I would like to talk to Mr Kovac
slovak-1019,mohli by sme hovorit' s pani Vizárovou?,Could we speak with Mrs Vizarova?
slovak-1020,dôležitý,important
slovak-1021,dostat',to get (pf)
slovak-1022,dúfat',to hope
slovak-1023,kedy,when?
slovak-1024,konferencia,conference
slovak-1025,mu,to him
slovak-1026,nebude,he won't be
slovak-1027,neskôr,later
slovak-1028,nič sa nestalo,nothing happened; don't mention it
slovak-1029,obt'ažovat',to bother; disturb
slovak-1030,odkázat',to give a message (pf)
slovak-1031,pondelok,Monday
slovak-1032,pri telefóne,on the phone
slovak-1033,určite,definitely
slovak-1034,viac ako,more than
slovak-1035,Viedeň,Vienna
slovak-1036,vrátit' sa,to return (pf)
slovak-1037,zavolat',to call; phone (pf)
slovak-1038,žial'bohu,unfortunately
slovak-1039,ide o + acc,it concerns
slovak-1040,niekam,to somewhere
slovak-1041,s ním,with him
slovak-1042,obávat' sa,to fear
slovak-1043,opät',again
slovak-1044,poriadok,order
slovak-1045,v poriadoku,in order
slovak-1046,pozajtra,the day after tomorrow
slovak-1047,prekážat',to obstruct; be a nuisance
slovak-1048,presne,exactly
slovak-1049,seminár,seminar
slovak-1050,spomínat' si,to remember
slovak-1051,stretnút' sa,to meet up (pf)
slovak-1052,vám,to you (pl)
slovak-1053,utorok,Tuesday
slovak-1054,streda,Wednesday
slovak-1055,štvrtok,Thursday
slovak-1056,piatok,Friday
slovak-1057,sobota,Saturday
slovak-1058,nedel'a,Sunday
slovak-1059,predvčerom,the day before yesterday
slovak-1060,v noci,in the night
slovak-1061,vo dne,in the day
slovak-1062,prídem o týždeň,I will come in a week's time
slovak-1063,d'akovat',to thank (impf)
slovak-1064,podpísat',to sign; write under (pf)
slovak-1065,otvorit',to open (pf)
slovak-1066,zatvorit',to close (pf)
slovak-1067,obut',to put on shoes (pf)
slovak-1068,zobut',to take off shoes (pf)
slovak-1069,príst',to come; arrive (pf)
slovak-1070,prichádzat',to come; arrive (impf)
slovak-1071,odíst,to go away (pf)
slovak-1072,odchádzat',to go away (impf)
slovak-1073,ja mu to poviem,I'll tell him it
slovak-1074,povedal mi to včera,he told me yday
slovak-1075,ako sa to povie po slovensky?,how do you say it in Slovak?
slovak-1076,po anglicky sa povie … ,in English you say … 
slovak-1077,budem,I will be
slovak-1078,budeš,you (s) will be
slovak-1079,bude,(s)he will be
slovak-1080,budeme,we will be
slovak-1081,budete,you (pl) will be
slovak-1082,budú,they will be
slovak-1083,budem písat' list,I will be writing a letter
slovak-1084,nebudeme otvárat' okno,we won't be opening the window (in general)
slovak-1085,blúzka,blouse
slovak-1086,čajník,teapot
slovak-1087,hodvábny,silk
slovak-1088,lekár; lekárka,doctor
slovak-1089,make-up,make-up
slovak-1090,nájst'; našiel,to find (pf)
slovak-1091,nemocnica,hospital
slovak-1092,nočná služba,night duty
slovak-1093,obliect'; obliekol,to put on clothes (pf)
slovak-1094,osprchovat' sa,to have a shower (pf)
slovak-1095,postavit' vodu,to put on water; boil (pf)
slovak-1096,prázdny,empty
slovak-1097,rýchlo,quickly
slovak-1098,úzky,narrow
slovak-1099,vstat'; vstanem,to get up (pf)
slovak-1100,vyzliect'; vyzliekol,to take off clothes (pf)
slovak-1101,zazvonit',to ring (pf)
slovak-1102,zíst'; zišiel,to go down (pf)
slovak-1103,zrkadlo,mirror
slovak-1104,ako vždy,as always
slovak-1105,ako zvyčajne,as usual
slovak-1106,Anglicko,England
slovak-1107,Európa,Europe
slovak-1108,Kanada,Canada
slovak-1109,kultúra,culture
slovak-1110,minulý,last; past (time period)
slovak-1111,nakúpit',to do shopping (pf)
slovak-1112,naliat'; nalejem,to pour out (pf)
slovak-1113,naraňajkovat' sa,to have breakfast (pf)
slovak-1114,odviezt',to drive; take (away) (pf)
slovak-1115,sadnút'; sadol,to sit down (pf)
slovak-1116,sídlisko,housing estate
slovak-1117,strašný,terrible; awful
slovak-1118,upratat',to tidy up (pf)
slovak-1119,uvidiet',to see; catch sight of (pf)
slovak-1120,vošli,they went in
slovak-1121,začat'; začnem,to begin (pf)
slovak-1122,zvyčajne,usually
slovak-1123,britský,British
slovak-1124,cestovný pas,passport
slovak-1125,čierny,black
slovak-1126,kožený,leather (adj)
slovak-1127,kút,corner
slovak-1128,miestnost',room
slovak-1129,ohlásit',to report (pf)
slovak-1130,peňaženka,purse
slovak-1131,plný,full
slovak-1132,polícia,the police
slovak-1133,na polícii,at the police station
slovak-1134,predný,front; anterior
slovak-1135,stratit',to lose (pf)
slovak-1136,s tamtým pánom,with that man
slovak-1137,taška,bag
slovak-1138,v tejto taške,in this bag
slovak-1139,triċko,T-shirt
slovak-1140,zadný,back; rear
slovak-1141,zelený,green
slovak-1142,budova,building
slovak-1143,čašníčka,waitress
slovak-1144,dol'ava,to the left
slovak-1145,doprava,to the right
slovak-1146,hlavný,main
slovak-1147,moderný,modern
slovak-1148,naproti + dat,opposite
slovak-1149,obchodný dom,department store
slovak-1150,počkajte!,wait!
slovak-1151,pôjdete,you'll go
slovak-1152,policajná stanica,police station
slovak-1153,pošta,post office
slovak-1154,prejdete,you'll cross (pf)
slovak-1155,pult,counter; bar
slovak-1156,rado sa stalo,happy to oblige
slovak-1157,slečna,Miss
slovak-1158,vedl'a + gen,next to
slovak-1159,vyjdete,you'll go out (pf)
slovak-1160,vypadnút',to fall out (pf)
slovak-1161,farba,colour
slovak-1162,akú chcete farbu?,what colour do you want?
slovak-1163,nemáte to v inej farbe?,don't you have it in another colour?
slovak-1164,akú to má farbu?,what colour is it?
slovak-1165,belasý,light blue
slovak-1166,žltý,yellow
slovak-1167,hnedý,brown
slovak-1168,sivý,grey
slovak-1169,ružový,pink
slovak-1170,oranžový,orange
slovak-1171,fialový,purple
slovak-1172,béžový,beige
slovak-1173,aké máte auto?,what kind of car do you have?
slovak-1174,tráva je zelená,the grass is green
slovak-1175,obloha je modrá,the sky is blue
slovak-1176,kvetina je žltá,the flower is yellow
slovak-1177,čo je to?,what is this?
slovak-1178,to je dom,that is a house
slovak-1179,je to kniha?,is this a book?
slovak-1180,kto je ten študent?,who is this student?
slovak-1181,kde je tá kniha?,where is that book?
slovak-1182,kde je to mesto?,where is this town?
slovak-1183,tento,this; emphatic (m; nom)
slovak-1184,toto,this; emphatic (n; nom)
slovak-1185,táto kniha je vel'mi dobrá,this (here) book is very good
slovak-1186,tamten,that; emphatic (m; nom)
slovak-1187,tamtá,that; emphatic (f; nom)
slovak-1188,tamto,that; emphatic (n; nom)
slovak-1189,tamtá kniha nie je dobrá,that (there) book is not good
slovak-1190,toho,this (m; acc)
slovak-1191,tú,this (f; acc)
slovak-1192,tohto,this; emphatic (m; acc)
slovak-1193,vidíte tamtoho študenta?,do you see that (there) student?
slovak-1194,vidíte túto knihu?,do you see this (here) book?
slovak-1195,do toho,this (m/n; gen)
slovak-1196,k tomu,this (m/n; dat)
slovak-1197,v tom,this (m/n; loc)
slovak-1198,za tým,this (m/n; instr)
slovak-1199,poznáte toho mladého človeka?,do you know that young person?
slovak-1200,do tej,this (f; gen)
slovak-1201,k tej,this (f; dat)
slovak-1202,v tej,this (f; loc)
slovak-1203,za tou,this (f; instr)
slovak-1204,a iné; čo,and other (suchlike); which … 
slovak-1205,čo; o čom,what; about what
slovak-1206,kým,while
slovak-1207,maliarstvo,painting
slovak-1208,milovat',to love
slovak-1209,nenávidiet',to hate
slovak-1210,súčasný,contemporary
slovak-1211,u + gen,at (someone)'s house
slovak-1212,vlani,last year
slovak-1213,vlastne,actually; in fact
slovak-1214,aspoň,at least
slovak-1215,bankár,banker
slovak-1216,bohatý,rich
slovak-1217,dáky,some or other
slovak-1218,dokonca (aj),even
slovak-1219,chudobný,poor
slovak-1220,jednoducho,simply
slovak-1221,krajinka,landscape
slovak-1222,mimoriadne,extraordinarily
slovak-1223,napríklad,for example
slovak-1224,nemožný,impossible
slovak-1225,nikto,nobody
slovak-1226,nikomu,to nobody
slovak-1227,osobne,personally
slovak-1228,písanie,writing
slovak-1229,pohl'adnica,postcard
slovak-1230,prestat'; prestane,to stop doing (pf)
slovak-1231,skutočne,actually; really
slovak-1232,stýkat' sa,to be in touch
slovak-1233,takýto,this kind of; such
slovak-1234,úplne,entirely; completely
slovak-1235,vyberat',to choose (impf)
slovak-1236,vybrat'; vyberie,to choose (pf)
slovak-1237,zatial' čo,while
slovak-1238,zistit',to find out; ascertain
slovak-1239,známka,a stamp
slovak-1240,preto,for that reason; that's why
slovak-1241,o čom hovorís?,what are you talking about?
slovak-1242,o kom hovorís?,whom are you talking about?
slovak-1243,komu varíš obed?,who are you cooking lunch for?
slovak-1244,koho,of whom? (gen)
slovak-1245,komu,to whom? (dat)
slovak-1246,kom,about whom? (loc)
slovak-1247,kým,with whom? (instr)
slovak-1248,čoho,of what? (gen)
slovak-1249,čomu,to what? (dat)
slovak-1250,čím,with what? (instru)
slovak-1251,niekto,somebody
slovak-1252,dakto,someone or other
slovak-1253,nič,nothing
slovak-1254,nikoho nemá rád,He doesn’t like anybody
slovak-1255,nehovorí o ničom,He talks about nothing
slovak-1256,dakde,somewhere or other
slovak-1257,nikde,nowhere
slovak-1258,nikam,to nowhere
slovak-1259,nijaký,no kind of
slovak-1260,l'ahký,light; easy
slovak-1261,l'ahko,lightly; easily
slovak-1262,okamžitý,immediate
slovak-1263,okamžite,immediately
slovak-1264,idem rýchlo,I go quickly
slovak-1265,nehovorí po slovensky,he doesn't speak (in) Slovak
slovak-1266,letecký,air
slovak-1267,letecky,by air (letter)
slovak-1268,čím je tvoy otec?,(as) what (role) is your father?
slovak-1269,môj otec je učitel'om,my father is (functioning as) a teacher
slovak-1270,autor,author (m)
slovak-1271,autorka,author (f)
slovak-1272,článok,article
slovak-1273,čudovat' sa,to be amazed
slovak-1274,dnešný,today's
slovak-1275,chudý,thin
slovak-1276,interview,interview
slovak-1277,kolegyňa,a colleague (f)
slovak-1278,l'utovat',to be sorry
slovak-1279,nechat',to leave; let (pf)
slovak-1280,novinár,journalist (m)
slovak-1281,novinárka,journalist (f)
slovak-1282,obyčajný,ordinary
slovak-1283,politický,political
slovak-1284,politik,politician
slovak-1285,pravda; to je … ,truth; that's true
slovak-1286,schudnut'; schudol,to get thin (pf)
slovak-1287,spoznat',to recognise (pf)
slovak-1288,stredný,central
slovak-1289,stučniet',to grow fat
slovak-1290,Škótsko,Scotland
slovak-1291,športovat',to play sports
slovak-1292,tučný,fat
slovak-1293,vizitka,business card
slovak-1294,zaujímat',to interest
slovak-1295,zmenit',to change (pf)
slovak-1296,čo nového?,what's new?
slovak-1297,fajn,fine
slovak-1298,kríž,cross (mood)
slovak-1299,lepšie,better
slovak-1300,povedzme,let's say
slovak-1301,rozviest' sa; rozviedol sa,to get divorced (pf)
slovak-1302,o siedmej,at seven o'clock
slovak-1303,sloboda,freedom
slovak-1304,tešit' sa na + acc,to look forward to
slovak-1305,vináreň,winebar
slovak-1306,zájst',to call in somewhere
slovak-1307,zlatý,golden
slovak-1308,zobrat'; zoberiem,to take (pf)
slovak-1309,zobrat' sa,to get married (pf)
slovak-1310,žiadny,no
slovak-1311,čokoláda,chocolate
slovak-1312,koňak,cognac; brandy
slovak-1313,neporiadok,disorder
slovak-1314,ovocie,fruit
slovak-1315,posad'te sa,take a seat (pf)
slovak-1316,pripravit',to prepare (pf)
slovak-1317,sadnite si,sit down (pf)
slovak-1318,tušit',to guess; sense
slovak-1319,upratovanie,tidying up
slovak-1320,pravit',to put in order (pf)
slovak-1321,vypit' si,to have a drink (pf)
slovak-1322,vyrušovat',to disturb
slovak-1323,zdravie,health
slovak-1324,na zdravie!,cheers!
slovak-1325,že?,isn't it so?
slovak-1326,neboj sa!,don't be afraid!
slovak-1327,bozkat',to kiss
slovak-1328,bozkaj!,kiss!
slovak-1329,telefónne číslo,phone number
slovak-1330,čoskorohudý,soon
slovak-1331,hnevat' sa,to be angry
slovak-1332,nehnevaj sa!,don't be angry!
slovak-1333,hodiny,hours; classes
slovak-1334,chod'!,go!
slovak-1335,jablko,apple
slovak-1336,mnou,me
slovak-1337,naučit' sa,to learn (pf)
slovak-1338,nebud'!,don't be!
slovak-1339,nemysli si!,don't think; imagine!
slovak-1340,nervózny,nervous; tense
slovak-1341,o chvíl'u,in a while; a while later
slovak-1342,počkaj!,wait! (pf)
slovak-1343,polnoc,midnight
slovak-1344,pomaranč,an orange
slovak-1345,pozriet' sa,to look (pf)
slovak-1346,pozrite sa!,look! (pf)
slovak-1347,mat' pravdu,to be right
slovak-1348,ročník,year (of studies)
slovak-1349,rozhodne,definitely
slovak-1350,sl'úbit',to promise (pf)
slovak-1351,sl'ub!,promise! (pf)
slovak-1352,o šiestej,at six o'clock
slovak-1353,taký,so (with an adjective)
slovak-1354,vezmi si!,take! have!
slovak-1355,zapísat',to note down (pf)
slovak-1356,zapíš!,note down! (pf)
slovak-1357,zavolaj mi!,call me! (pf)
slovak-1358,čítaj!,read! (pf) (sing)
slovak-1359,čítajte!,read! (pf) (plural)
slovak-1360,píš!,write! (pf) (sing)
slovak-1361,píšte!,write! (pf) (plural)
slovak-1362,pracuj!,work! (pf) (sing)
slovak-1363,pracujte!,work! (pf) (pl)
slovak-1364,čítajme!,let's read! (pf)
slovak-1365,pod'!,come! (pf) (sing)
slovak-1366,pod'te!,come! (pf) (pl)
slovak-1367,sedím na stoličke,I am sitting on a chair
slovak-1368,ležím na posteli,I am lying on the bed
slovak-1369,sadla si na stoličku,she sat down onto the chair
slovak-1370,l'ahol si na postel',he lay down onto the bed